strategy,english_only,hints_only,math_only,no_essay,no_homework,Mean
Direct,0.09027777777777778,0.0024305555555555556,0.4486111111111111,0.1527777777777778,0.11879124696075026,0.1625776938365945
Urgency,0.12962962962962962,0.0020833333333333333,0.2934027777777778,0.09305555555555556,0.07326388888888889,0.11828703703703705
Social,0.13240740740740742,0.008333333333333333,0.340625,0.0778735632183908,0.12048611111111111,0.13594508301404853
Persona,0.17083333333333334,0.011111111111111112,0.5024305555555556,0.12152777777777778,0.06388888888888888,0.17395833333333335
Override,0.1486111111111111,0.08506944444444445,0.20243055555555556,0.14035087719298245,0.3194444444444444,0.1791812865497076
