strategy,english_only,hints_only,math_only,no_essay,no_homework,Mean
Direct,0.09027777777777778,0.23576388888888888,0.8138888888888889,0.34791666666666665,0.12365404654393887,0.3223002537532322
Urgency,0.13148148148148148,0.06284722222222222,0.6774305555555555,0.21493055555555557,0.09131944444444444,0.23560185185185184
Social,0.13240740740740742,0.08819444444444445,0.7673611111111112,0.23908045977011494,0.08645833333333333,0.2627003512132823
Persona,0.17037037037037037,0.08923611111111111,0.7663194444444444,0.2586805555555556,0.22708333333333333,0.30233796296296295
Override,0.14814814814814814,0.31527777777777777,0.5645833333333333,0.29605263157894735,0.3295138888888889,0.3307151559454191
