strategy,english_only,hints_only,math_only,no_essay,no_homework,Mean
Direct,0.2233974358974359,0.20757575757575758,0.7842948717948718,0.521969696969697,0.1375,0.3749475524475524
Urgency,0.025,0.1,0.2833333333333333,0.3375,0.12638888888888888,0.17444444444444446
Social,0.0,0.025,0.38333333333333336,0.37083333333333335,0.13472222222222222,0.1827777777777778
Persona,0.0,0.14444444444444443,0.2,0.45555555555555555,0.31666666666666665,0.22333333333333333
Override,0.0,0.3861111111111111,0.11666666666666667,0.43333333333333335,0.49583333333333335,0.2863888888888889
